Manufacturer,Model,Weight_pred
Audi,100,3330.2057436025048
Pontiac,Sunbird,2574.9999999999995
Chevrolet,Lumina,3195.0000000000005
Mazda,RX-7,2894.999999999995
Volkswagen,Fox,2239.999999999999
